Problem,Link
Contains Duplicate,https://neetcode.io/problems/duplicate-integer/question
Missing Number,https://neetcode.io/problems/missing-number/question
Find All Missing Numbers,https://neetcode.io/problems/find-all-numbers-disappeared-in-an-array/question
Two Sum,https://neetcode.io/problems/two-integer-sum/question
How Many Numbers Are Smaller Than Current,https://neetcode.io/solutions/how-many-numbers-are-smaller-than-the-current-number
Minimum Time Visiting All Points,https://neetcode.io/solutions/minimum-time-visiting-all-points
Spiral Matrix,https://neetcode.io/problems/spiral-matrix/question
Valid Anagram,https://neetcode.io/problems/is-anagram/question
Best Time to Buy and Sell Stock,https://neetcode.io/problems/buy-and-sell-crypto/question
Valid Palindrome,https://neetcode.io/problems/is-palindrome/question
Assign Cookies,https://neetcode.io/problems/assign-cookies/question
Valid Parentheses,https://neetcode.io/problems/validate-parentheses/question
Two Sum 2,https://neetcode.io/problems/two-integer-sum-ii/question
Merge Intervals,https://neetcode.io/problems/merge-intervals/question
Non-overlapping Intervals,https://neetcode.io/problems/non-overlapping-intervals/question
Divide Intervals Into Minimum Number of Groups,https://neetcode.io/solutions/divide-intervals-into-minimum-number-of-groups
Lexicographically Smallest String After Substring Operation,https://neetcode.io/solutions/lexicographically-smallest-string-after-substring-operation
Longest Substring Without Repeating Characters,https://neetcode.io/problems/longest-substring-without-duplicates/question
Group Anagrams,https://neetcode.io/problems/anagram-groups/question
Top K Frequent Elements,https://neetcode.io/problems/top-k-elements-in-list/question
Longest Consecutive Sequence,https://neetcode.io/problems/longest-consecutive-sequence/question
Product of Array Except Self,https://neetcode.io/problems/products-of-array-discluding-self/question
Maximum Subarray,https://neetcode.io/problems/maximum-subarray/question
Encode and Decode Strings,https://neetcode.io/problems/string-encode-and-decode/question
Minimum Size Subarray Sum,https://neetcode.io/problems/minimum-size-subarray-sum/question
Container With Most Water,https://neetcode.io/problems/max-water-container/question
Range Sum Query - Immutable,https://neetcode.io/problems/range-sum-query-immutable/question
Subarray Sum Equals K,https://neetcode.io/problems/subarray-sum-equals-k/question
Binary Search,https://neetcode.io/problems/binary-search/question
Search in Rotated Sorted Array,https://neetcode.io/problems/find-target-in-rotated-sorted-array/question
Koko Eating Bananas,https://neetcode.io/problems/eating-bananas/question
Kth Largest Element in an Array,https://neetcode.io/problems/kth-largest-element-in-an-array/question
Jump Game,https://neetcode.io/problems/jump-game/question
Number of Islands,https://neetcode.io/problems/count-number-of-islands/question
Rotting Oranges,https://neetcode.io/problems/rotting-fruit/question
Climbing Stairs,https://neetcode.io/problems/climbing-stairs/question
House Robber,https://neetcode.io/problems/house-robber/question
